,name,rating,reviews,price,brand
0,Tinkle Eyebrow Shaper Facial Hairs Razor - 3 Pieces,4.2 out of 5,(11 ratings),KSh 181,Tinkle
1,Keli 7 In 1 Bag Powder Puff Makeup Sponge Blender,4.2 out of 5,(5 ratings),KSh 300,Keli
2,Generic False Eyelashes Set 5 Pairs Styles 3D Mixed,4.6 out of 5,(71 ratings),KSh 329,Generic
3,Fashion 12Pcs Makeup Brushes Set With Free Organizer Bag,4.3 out of 5,(324 ratings),KSh 687,Fashion
4,Fashion 10 Pcs Makeup Brushes Cosmetics Tools &Cosmetis Storage Box,4.5 out of 5,(101 ratings),KSh 879,Fashion
5,Generic Reusable Natural Magnetic False Eyelashes Kit 5 Pairs,4.5 out of 5,(41 ratings),KSh 699,Generic
6,Fashion Makeup Sponge Beauty Blender Foundation Sponge -3 Pcs A Set,4.7 out of 5,(172 ratings),KSh 359,Fashion
7,Generic 15Pcs Makeup Brushes Foundation Powder Brush Make Up Tool,4.2 out of 5,(30 ratings),KSh 550,Generic
8,Fashion Makeup Sponge Soft Blender Puff Foudation Sponge-(8Pcs),4.6 out of 5,(18 ratings),KSh 759,Fashion
9,Eye Ash Adhesive Glue,5 out of 5,(8 ratings),KSh 139,Eye
10,Fashion Portable Eyelash Curlers Long Lasting Suit All Eye Shapes,4.6 out of 5,(18 ratings),KSh 299,Fashion
11,Fashion 12Pcs Makeup Brushes With Portable Bag+A Nail Clipper Kit,4.5 out of 5,(2 ratings),KSh 737,Fashion
12,Generic Mixed 5 Pairs False Eyelashes Synthetic Fiber Material,4.3 out of 5,(28 ratings),KSh 329,Generic
13,Generic Fashion 10Pcs Professional Makeup Brushe Set +Storage Bag,0 out of 5,(No ratings available),KSh 840,Generic
14,Fashion 12Pcs Makeup Brushes Get 1 Free Poratable Organize Bag-Pink,4.6 out of 5,(17 ratings),KSh 759,Fashion
15,Fashion Makeup Brushes Foundation Brushes With Organizer Bag-24Pcs,4.4 out of 5,(14 ratings),KSh 999,Fashion
16,Fashion 3 Pcs Makeup Sponges Powder Puff +1 Free Hoder,4.7 out of 5,(36 ratings),KSh 349,Fashion
17,Generic Set Of 14 PCS Makeup Brush Kit For Foundation Liquid Cream,5 out of 5,(5 ratings),KSh 930,Generic
18,Kiss Beauty Green Tea Make Up Fix setting spray-220ml,4.6 out of 5,(29 ratings),KSh 395,Kiss Beauty
19,Generic 10pcs Makeup Brushes Set For Foundation Powder Blush,4.2 out of 5,(10 ratings),KSh 690,Generic
20,Generic Fashion 12Pcs Makeup Brushes Foundation Burshes -Organizer Bag,0 out of 5,(No ratings available),KSh 640,Generic
21,Fashion Professional Eye Brush Makeup Brush Eyeshadow Brush-1Pcs,4.1 out of 5,(10 ratings),KSh 99,Fashion
22,Generic Make Up Brushes 7 Pcs / Make Up Brush Set,3.7 out of 5,(48 ratings),KSh 350,Generic
23,Huddah Cosmetics Make Up Remover Wipes - 30 Wipes,4.3 out of 5,(32 ratings),KSh 190,Huddah Cosmetics
24,Generic C-osmetic Bag Women Leather Travel Make Up Bag(Only A Bag),5 out of 5,(1 rating),KSh 790,Generic
25,"Fashion Large Mineral Powder Brush,Powder Brush And Blush Brush",4.5 out of 5,(24 ratings),KSh 330,Fashion
26,Brush Double Sided Flat Angled Brush With Spoolie Makeup Brush,0 out of 5,(No ratings available),KSh 223,Brush
27,Fashion Beauty Blender Sponge -Purpel,5 out of 5,(3 ratings),KSh 180,Fashion
28,Fashion Generic 2 SIDED EYEBLOW BRUSH,4 out of 5,(3 ratings),KSh 162,Fashion
29,Kiss Beauty Aloe Vera Makeup Fix spray setting   220ml bottle,4.4 out of 5,(14 ratings),KSh 445,Kiss Beauty
30,Fashion Eye Brow Tweezers-Tweezers/Nose Hair Remover/Brow Shaper,4.7 out of 5,(26 ratings),KSh 135,Fashion
31,Hanan Cotton Buds 200pieces,4.7 out of 5,(22 ratings),KSh 108,Hanan
32,Generic Pro 20Pcs Superior Cosmetic Brushes Set Kit Makeup Tool Brushes purple & gold,4.1 out of 5,(31 ratings),KSh 645,Generic
33,Lux Premiums Facial Cotton Pads -Makeup Remover - 50 Counts,4.6 out of 5,(7 ratings),KSh 553,Lux Premiums
34,Generic 10 Pcs Luxury  Makeup Brushes Set - Exquisite Makeup,4.3 out of 5,(7 ratings),KSh 740,Generic
35,Generic 5 Pairs False Eyelashes Mixed Style & Eye Ash Adhesive Glue,0 out of 5,(No ratings available),KSh 429,Generic
36,Fashion 12Pcs Makeup Brushes Set With Free Organizer Bag,5 out of 5,(4 ratings),KSh 713,Fashion
37,Fashion Nail cleaning brush,4.7 out of 5,(7 ratings),KSh 160,Fashion
38,Generic Foundation Beauty Blender,4.3 out of 5,(3 ratings),KSh 145,Generic
39,Fashion 10 Pcs Makeup Brushes Set & Free Beauty Storage Box,4.3 out of 5,(51 ratings),KSh 879,Fashion
40,YSDO 3D MINK EYELASHES,4.7 out of 5,(3 ratings),KSh 600,YSDO
41,Generic Stainless Steel 4pcs Eyelash Curler And Tweezers Set,5 out of 5,(2 ratings),"KSh 1,100",Generic
42,Fashion 9pcs Storage Bag Cosmetic Bag Bathroom Organizer Travel Bags,4.8 out of 5,(4 ratings),KSh 778,Fashion
43,Fashion Makeup Sponge Beauty Blender Foundation Sponge-Pink-1pcs,4.5 out of 5,(23 ratings),KSh 169,Fashion
44,Generic Large Capacity Drawstring Makeup Storage Cosmetic Bag-Black,4.6 out of 5,(5 ratings),KSh 509,Generic
45,Generic C-osmetic Bag Travel Makeup Bag Organizer Waterproof White,4 out of 5,(1 rating),KSh 688,Generic
46,Fashion 12Pcs Makeup Brushes Set+1 Free Pink Makeup Sponge,4.3 out of 5,(14 ratings),KSh 799,Fashion
47,Eye Ash Adhesive Glue,4.3 out of 5,(6 ratings),KSh 237,Eye
48,Generic 32 Piece Make Up Brush Set With Leather Case - Black,5 out of 5,(2 ratings),KSh 999,Generic
49,Generic Beauty Kit Fnger Care Nail Clippers Cleaner Cuticle.,5 out of 5,(1 rating),KSh 855,Generic
50,Tinkle Eyebrow Shaper Facial Hairs Razor - 3 Pieces,4.3 out of 5,(3 ratings),KSh 215,Tinkle
51,Generic Classic Cosmetic 3 compartment organizer,5 out of 5,(3 ratings),KSh 990,Generic
52,Generic 5In1 Multifunctional Deep Cleansing Electric Facial Brush.,4.7 out of 5,(3 ratings),KSh 900,Generic
53,Generic Women Waterproof Wash Makeup Storage Bag Travel Bag-Blue,2.5 out of 5,(2 ratings),KSh 566,Generic
54,Generic 12Pcs  Makeup Brushes-Small And Suitable For Delicate Makeup,5 out of 5,(2 ratings),KSh 690,Generic
55,Nova New Rechargeable Hair Shaver And Beard Trimmer - Colour Vary As Per Availability,4.1 out of 5,(126 ratings),KSh 664,Nova
56,Kiss Beauty Green Tea Make Up Fix setting spray-220ml...,4 out of 5,(10 ratings),KSh 439,Kiss Beauty
57,Fashion Shaving Brush- Beard Cleaning Brush/ Facial Cleaning Brush,4.3 out of 5,(7 ratings),KSh 415,Fashion
58,Fashion Shaving Brush- Beard Cleaning Brush/ Facial Cleaning Brush.,4.2 out of 5,(5 ratings),KSh 450,Fashion
59,Eye ash Adhesive Glue,4.4 out of 5,(5 ratings),KSh 162,Eye
60,Generic Large Capacity Drawstring Makeup Storage Cosmetic Bag-Pink,4.3 out of 5,(3 ratings),KSh 509,Generic
61,Kiss Beauty Aloe Vera Makeup Fix spray setting   220ml bottle,4.8 out of 5,(9 ratings),KSh 444,Kiss Beauty
62,Makeup Setting Spray Snail Gel 99% Make Up Fix - 220ml,4.5 out of 5,(2 ratings),KSh 500,(2 ratings)
63,Fashion Beard Mustache Brush Male Body Brush Shoes Brush Skin Care,5 out of 5,(2 ratings),KSh 650,Fashion
64,"Generic 20 in 1 Diamond Handle Eye Brush Multi-functional Makeup Brush, Gold Handle and Pink Brush",5 out of 5,(2 ratings),KSh 887,Generic
65,Fashion 12Pcs Makeup Brushes Foundation Burshes With Organizer Bag,4 out of 5,(10 ratings),KSh 799,Fashion
66,Generic Bottle Gourd Flawless Smooth Powder Sponge Puff - Rose,4 out of 5,(5 ratings),KSh 339,Generic
67,Generic Makeup Foundation Sponge Blender Blending Flawless Puff Powder Smooth Beauty Apricot,5 out of 5,(2 ratings),KSh 929,Generic
68,Fashion Eye Brow Tweezers Eyebrow Tweezers Hair Removal With Grip,4.7 out of 5,(3 ratings),KSh 153,Fashion
69,Generic 12 Pcs/set Makeup Brushes Set With OPP  Bag,4.5 out of 5,(2 ratings),KSh 660,Generic
70,Fashion Crochet Hook Dreadlock Interlocking Lock Hair Micro Braid Needle Tool DIY,4 out of 5,(4 ratings),KSh 220,Fashion
71,"Kiss Beauty Green Tea Make Up Fix setting spray-220ml,.",4 out of 5,(7 ratings),KSh 450,Kiss Beauty
72,Generic 1Pcs Silicone Makeup Brush Facial Mask Foundation Brush,4.8 out of 5,(5 ratings),KSh 892,Generic
73,Generic 2 In 1 Double Sided Control Hair Brush Comb,4.4 out of 5,(20 ratings),KSh 847,Generic
74,Generic SHIDISHANGPIN 3 Pairs Mink Eyelashes 3D False Lashes Mix Style Thick Makeup Eyelash Extension Natural Volume Soft Fake Eye Lashes,4.8 out of 5,(5 ratings),"KSh 1,019",Generic
75,Generic Fashion Magnetic Lashes Reusable 3D False Eyelashes Tweezers Set Eyelashes No Glue Needed Cosmetics Eye Decoration Magnet Eyelashes,4.3 out of 5,(11 ratings),KSh 990,Generic
76,Zaron Foundation Brush,4.5 out of 5,(2 ratings),"KSh 1,750",Zaron
77,Estee Lauder Perfectly Clean TripleAction Cleanser/Toner/Makeup Remover 150ml,0 out of 5,(No ratings available),"KSh 5,200",Estee Lauder
78,Generic Silicone Makeup Brush Cleaner Pad Washing Scrubber Board Cleaning Mat Hand Tool,5 out of 5,(3 ratings),KSh 495,Generic
79,Estee Lauder Take It Away Makeup Remover Lotion 200ml,0 out of 5,(No ratings available),"KSh 5,700",Estee Lauder
80,Fashion 20Pcs Makeup Brushes,4 out of 5,(5 ratings),"KSh 1,099",Fashion
81,Generic SHIDISHANGPIN 3 Pairs 3D Mink Eyelashes Handmade Natural Cross Long Fake Eye Lashes Extension Wispy False Lashes,4.7 out of 5,(3 ratings),"KSh 1,017",Generic
82,Generic 1Pcs Silicone Makeup Brush Facial Mask Foundation Brush Cosmetic Brush Make Up Tool Optional Color,5 out of 5,(2 ratings),KSh 246,Generic
83,Generic Mini Metal Adjustable Creative Tool Wrench Spanner Key Chain Ring Keyring Silver,5 out of 5,(2 ratings),KSh 942,Generic
84,Estee Lauder Gentle Eye Makeup Remover 100ml,0 out of 5,(No ratings available),"KSh 5,100",Estee Lauder
85,Generic Universal 20Pcs Makeup Brush Foundation Brush Tool,0 out of 5,(No ratings available),KSh 378,Generic
86,Tippys Round Make Up Cotton Pads 120's,5 out of 5,(2 ratings),"KSh 1,160",Tippys
87,Generic Makeup Sponge Beauty Blender Foundation Sponge (3Pcs),4 out of 5,(1 rating),KSh 225,Generic
88,Fashion 3 Reusable Eyebrow Shaping Stencils Template,3.7 out of 5,(12 ratings),KSh 108,Fashion
89,Generic 1 Side Or Single Sided Wooden Beard & Hair Combing Brush,3.2 out of 5,(5 ratings),KSh 599,Generic
90,Fashion  3pcs Eyebrow Shaping Stencils Thrush Card Tool Card Template,3.3 out of 5,(7 ratings),KSh 162,Fashion
91,Generic 10pcs Makeup Brushes Set For Foundation Powder Blush,0 out of 5,(No ratings available),KSh 389,Generic
92,Generic 24 Pieces Professional Bamboo Makeup Brush Set,5 out of 5,(1 rating),"KSh 1,250",Generic
93,"Fashion 5 In One Multifunctional Deep Cleansing Electric Facial Cleansing Device,Pale Violet Red",3.5 out of 5,(14 ratings),KSh 889,Fashion
94,Generic 20pcs Eyeshadow Shields Under Eye Patches Eyelash Extensions Protect Pad White,4.3 out of 5,(3 ratings),"KSh 1,174",Generic
95,Generic 1Pc False Eyelashes Glue Dryer Eyelash Extension Air Blower Dust Blowing Balloons Drying Tool,4.5 out of 5,(2 ratings),KSh 906,Generic
96,Generic Women Portable Waterproof Travel Wash Makeup Storage Bag,0 out of 5,(No ratings available),KSh 535,Generic
97,Generic 360°Rotating Spin Cosmetic Organizer Makeup Desktop Box Storage Rack Case Holder White,4.7 out of 5,(3 ratings),"KSh 1,589",Generic
98,Generic 6ml Refillable Perfume Scent Spray Bottle Parfum Dispenser Empty Bottle bright silver,5 out of 5,(2 ratings),"KSh 1,793",Generic
99,Technic Eyelash Curler,4.4 out of 5,(5 ratings),KSh 450,Technic
100,Fashion 7Pcs Professional Makeup Brushes Foudation Brushes -Purple,0 out of 5,(No ratings available),KSh 305,Fashion
101,Fashion 10Pcs Professional Makeup Brushe Set With Storage Bag,3.8 out of 5,(20 ratings),KSh 699,Fashion
102,Fashion Makeup Brush Set Five Pieces Synthetic Hair,0 out of 5,(No ratings available),KSh 250,Fashion
103,Generic 10pcs Makeup Brushes Set For Foundation Powder Blush,3.9 out of 5,(8 ratings),KSh 940,Generic
104,Makeup Setting Spray Snail Gel 99% Make Up Fix - 200ml,4.3 out of 5,(43 ratings),KSh 400,(43 ratings)
105,Generic Double-Sided   Mirror Normal Magnifying Stand Shaving,0 out of 5,(No ratings available),KSh 740,Generic
106,Fashion 3 PCS Colorful Eyebrow Trimmer.,3.5 out of 5,(2 ratings),KSh 162,Fashion
107,Fashion Acrylic Makeup Organizer Cosmetic Bag  Lipstick Storage,0 out of 5,(No ratings available),KSh 699,Fashion
108,Fashion 7pcs Makeup Brush Set,0 out of 5,(No ratings available),KSh 400,Fashion
109,Generic Organizer Cotton Pads Storage Box Jar Acrylic Square Container,0 out of 5,(No ratings available),KSh 828,Generic
110,Generic Makeup Sponge Beauty Blender Foundation Sponge (3Pcs),0 out of 5,(No ratings available),KSh 225,Generic
111,Fashion 3Pcs Makeup Sponges Beauty Blender Egg Sponges,0 out of 5,(No ratings available),KSh 389,Fashion
112,Generic 400g/Bottle Depilatory Hot Film Hard Wax Beans Pellet Women Body Hair Removal Honey Flavor,0 out of 5,(No ratings available),KSh 859,Generic
113,Generic Foundation Beauty Blender,0 out of 5,(No ratings available),KSh 149,Generic
114,"Fashion Make Up Brush, Blush, Highlighter, Bronzer & Powder Brush",0 out of 5,(No ratings available),KSh 162,Fashion
115,Generic Portable Eyebrow Shaping Stencils Eye Brow Guide Template Kit Makeup DIY Tool blue,0 out of 5,(No ratings available),KSh 735,Generic
116,Nano Portable Face Mist Sprayer Deep Penetrating & Moisturizing,3.7 out of 5,(3 ratings),KSh 849,Nano
117,Generic 50pcs Disposable MakeUp Lip Brush Lipstick Gloss Wands Applicator Make Up Tool,0 out of 5,(No ratings available),KSh 495,Generic
118,Generic 10 Pairs  Natural Fashion False Eyelashes Soft Long Eye,0 out of 5,(No ratings available),KSh 628,Generic
119,Miniso Wide Double-fold Eyelid Sticker 240 Pairs,0 out of 5,(No ratings available),KSh 247,Miniso
120,Generic High Quality Silicone Facial Mask Brush Makeup Foundation Brushes Mask Blender Beauty Cosmetic Tool,0 out of 5,(No ratings available),KSh 262,Generic
121,Generic Professional 20 Pcs Makeup Brush Set Tools Make-up Toiletry Kit Wool Brand Make Up Brush Set Pincel Maleta De Maquiagem HJ,0 out of 5,(No ratings available),KSh 739,Generic
122,Generic 6 PCS New 8'' Panty Liners Charcoal Bamboo Reusable Cloth Mama Menstrual Pads,0 out of 5,(No ratings available),"KSh 1,479",Generic
123,Fashion Makeup Blender Sponge -Yellow,4 out of 5,(1 rating),KSh 180,Fashion
124,Generic Abody Nylon Detangle Hairbrush Women Hair Scalp Massage Comb Paddle Hair Brush Wet Hair Brush for Hairdressing Salon Black,0 out of 5,(No ratings available),KSh 504,Generic
125,Kiini African Black Soap,4.5 out of 5,(2 ratings),KSh 350,Kiini
126,Generic Foundation Beauty Blender,5 out of 5,(1 rating),KSh 145,Generic
127,Generic 5 In 1 Electric Facial Cleansing Brush,1 out of 5,(1 rating),KSh 749,Generic
128,Fashion 32pcs Makeup Brushes Set Make Up Brush With PU Bag - Pink,5 out of 5,(1 rating),"KSh 1,258",Fashion
129,Professional 2 In 1 Angled Eyebrow Brush With A Spoolie Makeup Brush,5 out of 5,(1 rating),KSh 333,Professional
130,Fashion 18pcs Makeup Brushes Beauty Tools Professional,0 out of 5,(No ratings available),KSh 698,Fashion
131,Generic Touch Up Gravity Feed   Gun Sprayer Air Brush Airbrush,5 out of 5,(1 rating),"KSh 1,294",Generic
132,Generic 9 Pack Soft  Brushes Set  Blush  Blender Kabuki,0 out of 5,(No ratings available),"KSh 1,904",Generic
133,Fashion Cosmetic Organizer Adjustable Cosmetic Storage Holder -Pink,4.4 out of 5,(5 ratings),"KSh 1,199",Fashion
134,Generic Makeup Brush Holder & Drying Rack,5 out of 5,(1 rating),"KSh 1,000",Generic
135,Generic 1 PCS HOT Women Ladies Waterproof Brown Eyebrow Pencil Eye Brow Liner Pen Powder Shaper Makeup Tool 5 colors（Light Coffee）,0 out of 5,(No ratings available),"KSh 1,474",Generic
136,Generic 3PC Women Cosmetic Liquid Cream Foundation Concealer Sponge Lollipop Brush,0 out of 5,(No ratings available),KSh 614,Generic
137,Fashion 10PC Makeup Brushes,0 out of 5,(No ratings available),KSh 600,Fashion
138,Generic Upgraded Magnetic Eyeliner And Magnetic Eyelashes Kit,5 out of 5,(1 rating),"KSh 1,974",Generic
139,Generic 5pcs Makeup Brushes Foundation Powder  Brush Make Up Tool,3.4 out of 5,(27 ratings),KSh 938,Generic
140,Tinkle Eyebrow Shaper Facial Hairs (Razor) - 3 Pieces,3 out of 5,(1 rating),KSh 223,Tinkle
141,Fashion Beauty Blender Sponge (3pcs),0 out of 5,(No ratings available),KSh 359,Fashion
142,Generic Cosmetic Bag Make Up Carrier,0 out of 5,(No ratings available),KSh 350,Generic
143,"Generic Waterproof Coin Purse, Sanitary Pad Organizer + Set Of Pads",0 out of 5,(No ratings available),KSh 508,Generic
144,Fashion Salon & Barber Multipurpose Spray Bottle - Clear,5 out of 5,(8 ratings),KSh 290,Fashion
145,Fashion 20Pcs Makeup Brushes With Package-A Free Nail Clipper Kit,0 out of 5,(No ratings available),KSh 899,Fashion
146,Generic Double Sided Smooth Eyebrow EdgeControl Mini Brush,0 out of 5,(No ratings available),KSh 260,Generic
147,Fashion 12Pcs Makeup Brushes Foundation Burshes With Organizer Bag,3.8 out of 5,(5 ratings),KSh 713,Fashion
148,Eye Lash Adhesive Glue,0 out of 5,(No ratings available),KSh 160,Eye
149,Generic Acrylic Multipurpose CosmeticTable Organizer Multipurpose,0 out of 5,(No ratings available),KSh 950,Generic
150,Kabuki Foundation Makeup Brush,0 out of 5,(No ratings available),KSh 449,Kabuki
151,Tinkle Eyebrow Shaper Facial Hairs Razor - 3 Pieces,4.2 out of 5,(10 ratings),KSh 285,Tinkle
152,NIVEA Micellar Water  All  Skin Types - 100ml,4.5 out of 5,(4 ratings),KSh 298,NIVEA
153,Fashion Mini Portable Eyelash Curler -Pink,0 out of 5,(No ratings available),KSh 239,Fashion
154,Eye Ash Adhesive Glue,0 out of 5,(No ratings available),KSh 271,Eye
155,Fashion EdgeControl Mini Brush,0 out of 5,(No ratings available),KSh 269,Fashion
156,Generic Eyebrow Tweezers Set With Storage Case 4PCS Daily Beauty,0 out of 5,(No ratings available),KSh 611,Generic
157,Fashion Electric Automatic Long Lasting Heated Eye Lashes Curler,0 out of 5,(No ratings available),KSh 999,Fashion
158,Generic Pretty Mirror Compact Table,0 out of 5,(No ratings available),KSh 632,Generic
159,Kabuki Foundation Brush,4 out of 5,(1 rating),KSh 432,Kabuki
160,Kiss Beauty Snail Make Up Fix Spray-Setting Spray Long LastingHold-220ml,0 out of 5,(No ratings available),KSh 537,Kiss Beauty
161,Generic 12Pcs/Sets Makeup Brushes Tool Eye Shadow Foundation Eyebrow Lip Brush Cosmetics Leather Cup Holder Case Kit(Pink),0 out of 5,(No ratings available),KSh 799,Generic
162,Generic 12pcs Eye Brow Pencils Make Up Set 3 Colors Waterproof Eyebrow Eye Liner Pen Lip sticks Cosmetics Beauty Makeup Tool Kit（Dark Brown）,0 out of 5,(No ratings available),"KSh 1,641",Generic
163,Fashion Mini Portable Eyelash Curler -White,2 out of 5,(1 rating),KSh 215,Fashion
164,Generic Plastic Antistatic Detangling Hairbrush Comb For Long Thick Curly Hair,0 out of 5,(No ratings available),KSh 613,Generic
165,Foundation Kabuki Makeup Brush,0 out of 5,(No ratings available),KSh 999,Foundation
166,Fashion 32pcs Makeup Brushes Set Make Up Brush With PU Bag - Brown,5 out of 5,(1 rating),"KSh 1,257",Fashion
167,Generic Cosmetic Bag Make Up Cases Beauty Travel Organizer Portable Washing Waterproof Toiletry Storage Bags-green,0 out of 5,(No ratings available),KSh 750,Generic
168,"Generic Portable Big Capacity Cute Cartoon Waterproof Beauty Makeup Tools Kit Cosmetic Case, Size: S, 21.5*8*15cm(Pink)",0 out of 5,(No ratings available),KSh 839,Generic
169,Generic 180x  Cotton Pad Lint Free Facial Eye Nail Cleansing,0 out of 5,(No ratings available),KSh 786,Generic
170,Generic 10Pcs Makeup Brushes Set With Portable Organizer Bag,3.9 out of 5,(37 ratings),KSh 642,Generic
171,Cerave PM Facial Moisturizing Lotion,0 out of 5,(No ratings available),"KSh 2,900",Cerave
172,Eye 6Pcs Black Waterproof Eyelash Glue - World's Largest Seller,0 out of 5,(No ratings available),KSh 474,Eye
173,Generic 7Pcs/Set Makeup Brushes Beauty Makeup Tools,0 out of 5,(No ratings available),KSh 222,Generic
174,Generic Professional 10 Pieces Brushes Set Powder Eyeshadow Eyeliner Lip Brushes colorful pattern 3D,0 out of 5,(No ratings available),KSh 983,Generic
175,Generic 50pcs Disposble Eyelash Brush Mascara Wands Makeup Cosmetic Tool Hot,0 out of 5,(No ratings available),KSh 268,Generic
176,Beauty Blender Generic Foundation Beauty Blender,0 out of 5,(No ratings available),KSh 325,Beauty Blender
177,Generic Fashion 10Pcs Makeup Brush Set White And Gold,0 out of 5,(No ratings available),KSh 750,Generic
178,Generic Lightweight,0 out of 5,(No ratings available),"KSh 1,097",Generic
179,Eye 6Pcs Clear-White Waterproof Eyelash Glue - Mild Non-Irritant,0 out of 5,(No ratings available),KSh 499,Eye
180,Fashion 32pcs Makeup Brushes Set Make Up Brush With PU Bag - Brown,0 out of 5,(No ratings available),"KSh 1,258",Fashion
181,Fashion Cosmetic Bag Cosmetic Holder Lipstick Storage,4.8 out of 5,(4 ratings),KSh 699,Fashion
182,Generic Make Up Brush  Pcs With Metal Box-NAKED 3,3 out of 5,(1 rating),KSh 587,Generic
183,Fashion Facial Cleansing Silicone Brush,0 out of 5,(No ratings available),KSh 800,Fashion
184,Generic Makeup bag  Women Bags Men Large Waterproof Nylon Travel Cosmetic Bag Organizer Case Necessaries Make Up Wash Toiletry Bag(Rose),5 out of 5,(1 rating),"KSh 1,754",Generic
185,Generic Makeup Tools 12PCS/1Set Cosmetic Makeup Brush Brushes Set,0 out of 5,(No ratings available),KSh 590,Generic
186,"Fashion 1 Pcs Powder Brush,Large Powder Brush, Blush Brush",0 out of 5,(No ratings available),KSh 322,Fashion
187,Generic Deep Tissue Lacrosse Myofascial  Ball For Back Black Purple,0 out of 5,(No ratings available),KSh 741,Generic
188,Generic 22*18*8cm Waterproof Travel Cosmetic Bags,4 out of 5,(1 rating),KSh 720,Generic
189,Generic 5Pcs Professional Salon Ladies  Hair Brush  Comb Set,0 out of 5,(No ratings available),KSh 711,Generic
190,Generic 10x Skin Care Sponge Soft Facial Cleaning Wash Puff Face Deep Cleaning,0 out of 5,(No ratings available),KSh 560,Generic
191,Generic Rotating Jewelry Organizer,0 out of 5,(No ratings available),KSh 950,Generic
192,Fashion Synthetic Hairdressing Training Head Dummy Mannequin Hair,4 out of 5,(5 ratings),"KSh 2,199",Fashion
193,Generic Waterproof Zipper Coin Purse And Cute Sanitary Pad Organizer,5 out of 5,(1 rating),KSh 509,Generic
194,"Fashion Large Powder Brush,Powder Brush & Blush Brush-1 Pcs",0 out of 5,(No ratings available),KSh 330,Fashion
195,Neutrogena Naturals Make Up Remover 177ml Neutrogena,0 out of 5,(No ratings available),"KSh 1,723",Neutrogena
196,Generic False Eye Lash Salon Eyelash Extension Glue Tools Set Full Kit Makeup Case Set,0 out of 5,(No ratings available),"KSh 20,679",Generic
197,Generic Training Head 80% Real Human Hair Manikin Head Hairdressing Dummy Head Salon Head + Hair Clamp Holder for Hair Practice,0 out of 5,(No ratings available),"KSh 1,979",Generic
198,Generic Fashion LED Light Makeup Mirror Table Lamp 360° Rotation Brightness Adjustable Beauty Cosmetic Mirror,0 out of 5,(No ratings available),"KSh 1,251",Generic
199,Generic 2pcs Soft Bristles Wave Hair Brush For Thick  Coarse Hair Or Beard,0 out of 5,(No ratings available),"KSh 1,119",Generic
