name,brand,ratingScore,rating,reviews,reviews - Copy,price
Generic Fashion 10Pcs Professional Makeup Brushe Set +Storage Bag,Generic,0,0 out of 5,0,(No ratings available),840
Generic Fashion 12Pcs Makeup Brushes Foundation Burshes -Organizer Bag,Generic,0,0 out of 5,0,(No ratings available),640
Brush Double Sided Flat Angled Brush With Spoolie Makeup Brush,Brush,0,0 out of 5,0,(No ratings available),223
Generic 5 Pairs False Eyelashes Mixed Style & Eye Ash Adhesive Glue,Generic,0,0 out of 5,0,(No ratings available),429
Estee Lauder Perfectly Clean TripleAction Cleanser/Toner/Makeup Remover 150ml,Estee Lauder,0,0 out of 5,0,(No ratings available),5200
Estee Lauder Take It Away Makeup Remover Lotion 200ml,Estee Lauder,0,0 out of 5,0,(No ratings available),5700
Estee Lauder Gentle Eye Makeup Remover 100ml,Estee Lauder,0,0 out of 5,0,(No ratings available),5100
Generic Universal 20Pcs Makeup Brush Foundation Brush Tool,Generic,0,0 out of 5,0,(No ratings available),378
Generic 10pcs Makeup Brushes Set For Foundation Powder Blush,Generic,0,0 out of 5,0,(No ratings available),389
Generic Women Portable Waterproof Travel Wash Makeup Storage Bag,Generic,0,0 out of 5,0,(No ratings available),535
Fashion 7Pcs Professional Makeup Brushes Foudation Brushes -Purple,Fashion,0,0 out of 5,0,(No ratings available),305
Fashion Makeup Brush Set Five Pieces Synthetic Hair,Fashion,0,0 out of 5,0,(No ratings available),250
Generic Double-Sided   Mirror Normal Magnifying Stand Shaving,Generic,0,0 out of 5,0,(No ratings available),740
Fashion Acrylic Makeup Organizer Cosmetic Bag  Lipstick Storage,Fashion,0,0 out of 5,0,(No ratings available),699
Fashion 7pcs Makeup Brush Set,Fashion,0,0 out of 5,0,(No ratings available),400
Generic Organizer Cotton Pads Storage Box Jar Acrylic Square Container,Generic,0,0 out of 5,0,(No ratings available),828
Generic Makeup Sponge Beauty Blender Foundation Sponge (3Pcs),Generic,0,0 out of 5,0,(No ratings available),225
Fashion 3Pcs Makeup Sponges Beauty Blender Egg Sponges,Fashion,0,0 out of 5,0,(No ratings available),389
Generic 400g/Bottle Depilatory Hot Film Hard Wax Beans Pellet Women Body Hair Removal Honey Flavor,Generic,0,0 out of 5,0,(No ratings available),859
Generic Foundation Beauty Blender,Generic,0,0 out of 5,0,(No ratings available),149
"Fashion Make Up Brush, Blush, Highlighter, Bronzer & Powder Brush",Fashion,0,0 out of 5,0,(No ratings available),162
Generic Portable Eyebrow Shaping Stencils Eye Brow Guide Template Kit Makeup DIY Tool blue,Generic,0,0 out of 5,0,(No ratings available),735
Generic 50pcs Disposable MakeUp Lip Brush Lipstick Gloss Wands Applicator Make Up Tool,Generic,0,0 out of 5,0,(No ratings available),495
Generic 10 Pairs  Natural Fashion False Eyelashes Soft Long Eye,Generic,0,0 out of 5,0,(No ratings available),628
Miniso Wide Double-fold Eyelid Sticker 240 Pairs,Miniso,0,0 out of 5,0,(No ratings available),247
Generic High Quality Silicone Facial Mask Brush Makeup Foundation Brushes Mask Blender Beauty Cosmetic Tool,Generic,0,0 out of 5,0,(No ratings available),262
Generic Professional 20 Pcs Makeup Brush Set Tools Make-up Toiletry Kit Wool Brand Make Up Brush Set Pincel Maleta De Maquiagem HJ,Generic,0,0 out of 5,0,(No ratings available),739
Generic 6 PCS New 8'' Panty Liners Charcoal Bamboo Reusable Cloth Mama Menstrual Pads,Generic,0,0 out of 5,0,(No ratings available),1479
Generic Abody Nylon Detangle Hairbrush Women Hair Scalp Massage Comb Paddle Hair Brush Wet Hair Brush for Hairdressing Salon Black,Generic,0,0 out of 5,0,(No ratings available),504
Fashion 18pcs Makeup Brushes Beauty Tools Professional,Fashion,0,0 out of 5,0,(No ratings available),698
Generic 9 Pack Soft  Brushes Set  Blush  Blender Kabuki,Generic,0,0 out of 5,0,(No ratings available),1904
Generic 1 PCS HOT Women Ladies Waterproof Brown Eyebrow Pencil Eye Brow Liner Pen Powder Shaper Makeup Tool 5 colors（Light Coffee）,Generic,0,0 out of 5,0,(No ratings available),1474
Generic 3PC Women Cosmetic Liquid Cream Foundation Concealer Sponge Lollipop Brush,Generic,0,0 out of 5,0,(No ratings available),614
Fashion 10PC Makeup Brushes,Fashion,0,0 out of 5,0,(No ratings available),600
Fashion Beauty Blender Sponge (3pcs),Fashion,0,0 out of 5,0,(No ratings available),359
Generic Cosmetic Bag Make Up Carrier,Generic,0,0 out of 5,0,(No ratings available),350
"Generic Waterproof Coin Purse, Sanitary Pad Organizer + Set Of Pads",Generic,0,0 out of 5,0,(No ratings available),508
Fashion 20Pcs Makeup Brushes With Package-A Free Nail Clipper Kit,Fashion,0,0 out of 5,0,(No ratings available),899
Generic Double Sided Smooth Eyebrow EdgeControl Mini Brush,Generic,0,0 out of 5,0,(No ratings available),260
Eye Lash Adhesive Glue,Eye,0,0 out of 5,0,(No ratings available),160
Generic Acrylic Multipurpose CosmeticTable Organizer Multipurpose,Generic,0,0 out of 5,0,(No ratings available),950
Kabuki Foundation Makeup Brush,Kabuki,0,0 out of 5,0,(No ratings available),449
Fashion Mini Portable Eyelash Curler -Pink,Fashion,0,0 out of 5,0,(No ratings available),239
Eye Ash Adhesive Glue,Eye,0,0 out of 5,0,(No ratings available),271
Fashion EdgeControl Mini Brush,Fashion,0,0 out of 5,0,(No ratings available),269
Generic Eyebrow Tweezers Set With Storage Case 4PCS Daily Beauty,Generic,0,0 out of 5,0,(No ratings available),611
Fashion Electric Automatic Long Lasting Heated Eye Lashes Curler,Fashion,0,0 out of 5,0,(No ratings available),999
Generic Pretty Mirror Compact Table,Generic,0,0 out of 5,0,(No ratings available),632
Kiss Beauty Snail Make Up Fix Spray-Setting Spray Long LastingHold-220ml,Kiss Beauty,0,0 out of 5,0,(No ratings available),537
Generic 12Pcs/Sets Makeup Brushes Tool Eye Shadow Foundation Eyebrow Lip Brush Cosmetics Leather Cup Holder Case Kit(Pink),Generic,0,0 out of 5,0,(No ratings available),799
Generic 12pcs Eye Brow Pencils Make Up Set 3 Colors Waterproof Eyebrow Eye Liner Pen Lip sticks Cosmetics Beauty Makeup Tool Kit（Dark Brown）,Generic,0,0 out of 5,0,(No ratings available),1641
Generic Plastic Antistatic Detangling Hairbrush Comb For Long Thick Curly Hair,Generic,0,0 out of 5,0,(No ratings available),613
Foundation Kabuki Makeup Brush,Foundation,0,0 out of 5,0,(No ratings available),999
Generic Cosmetic Bag Make Up Cases Beauty Travel Organizer Portable Washing Waterproof Toiletry Storage Bags-green,Generic,0,0 out of 5,0,(No ratings available),750
"Generic Portable Big Capacity Cute Cartoon Waterproof Beauty Makeup Tools Kit Cosmetic Case, Size: S, 21.5*8*15cm(Pink)",Generic,0,0 out of 5,0,(No ratings available),839
Generic 180x  Cotton Pad Lint Free Facial Eye Nail Cleansing,Generic,0,0 out of 5,0,(No ratings available),786
Cerave PM Facial Moisturizing Lotion,Cerave,0,0 out of 5,0,(No ratings available),2900
Eye 6Pcs Black Waterproof Eyelash Glue - World's Largest Seller,Eye,0,0 out of 5,0,(No ratings available),474
Generic 7Pcs/Set Makeup Brushes Beauty Makeup Tools,Generic,0,0 out of 5,0,(No ratings available),222
Generic Professional 10 Pieces Brushes Set Powder Eyeshadow Eyeliner Lip Brushes colorful pattern 3D,Generic,0,0 out of 5,0,(No ratings available),983
Generic 50pcs Disposble Eyelash Brush Mascara Wands Makeup Cosmetic Tool Hot,Generic,0,0 out of 5,0,(No ratings available),268
Beauty Blender Generic Foundation Beauty Blender,Beauty Blender,0,0 out of 5,0,(No ratings available),325
Generic Fashion 10Pcs Makeup Brush Set White And Gold,Generic,0,0 out of 5,0,(No ratings available),750
Generic Lightweight,Generic,0,0 out of 5,0,(No ratings available),1097
Eye 6Pcs Clear-White Waterproof Eyelash Glue - Mild Non-Irritant,Eye,0,0 out of 5,0,(No ratings available),499
Fashion 32pcs Makeup Brushes Set Make Up Brush With PU Bag - Brown,Fashion,0,0 out of 5,0,(No ratings available),1258
Fashion Facial Cleansing Silicone Brush,Fashion,0,0 out of 5,0,(No ratings available),800
Generic Makeup Tools 12PCS/1Set Cosmetic Makeup Brush Brushes Set,Generic,0,0 out of 5,0,(No ratings available),590
"Fashion 1 Pcs Powder Brush,Large Powder Brush, Blush Brush",Fashion,0,0 out of 5,0,(No ratings available),322
Generic Deep Tissue Lacrosse Myofascial  Ball For Back Black Purple,Generic,0,0 out of 5,0,(No ratings available),741
Generic 5Pcs Professional Salon Ladies  Hair Brush  Comb Set,Generic,0,0 out of 5,0,(No ratings available),711
Generic 10x Skin Care Sponge Soft Facial Cleaning Wash Puff Face Deep Cleaning,Generic,0,0 out of 5,0,(No ratings available),560
Generic Rotating Jewelry Organizer,Generic,0,0 out of 5,0,(No ratings available),950
"Fashion Large Powder Brush,Powder Brush & Blush Brush-1 Pcs",Fashion,0,0 out of 5,0,(No ratings available),330
Neutrogena Naturals Make Up Remover 177ml Neutrogena,Neutrogena,0,0 out of 5,0,(No ratings available),1723
Generic False Eye Lash Salon Eyelash Extension Glue Tools Set Full Kit Makeup Case Set,Generic,0,0 out of 5,0,(No ratings available),20679
Generic Training Head 80% Real Human Hair Manikin Head Hairdressing Dummy Head Salon Head + Hair Clamp Holder for Hair Practice,Generic,0,0 out of 5,0,(No ratings available),1979
Generic Fashion LED Light Makeup Mirror Table Lamp 360° Rotation Brightness Adjustable Beauty Cosmetic Mirror,Generic,0,0 out of 5,0,(No ratings available),1251
Generic 2pcs Soft Bristles Wave Hair Brush For Thick  Coarse Hair Or Beard,Generic,0,0 out of 5,0,(No ratings available),1119
Tinkle Eyebrow Shaper Facial Hairs Razor - 3 Pieces,Tinkle,4.2,4.2 out of 5,11,(11 ratings),181
Keli 7 In 1 Bag Powder Puff Makeup Sponge Blender,Keli,4.2,4.2 out of 5,5,(5 ratings),300
Generic False Eyelashes Set 5 Pairs Styles 3D Mixed,Generic,4.6,4.6 out of 5,71,(71 ratings),329
Fashion 12Pcs Makeup Brushes Set With Free Organizer Bag,Fashion,4.3,4.3 out of 5,324,(324 ratings),687
Fashion 10 Pcs Makeup Brushes Cosmetics Tools &Cosmetis Storage Box,Fashion,4.5,4.5 out of 5,101,(101 ratings),879
Generic Reusable Natural Magnetic False Eyelashes Kit 5 Pairs,Generic,4.5,4.5 out of 5,41,(41 ratings),699
Fashion Makeup Sponge Beauty Blender Foundation Sponge -3 Pcs A Set,Fashion,4.7,4.7 out of 5,172,(172 ratings),359
Generic 15Pcs Makeup Brushes Foundation Powder Brush Make Up Tool,Generic,4.2,4.2 out of 5,30,(30 ratings),550
Fashion Makeup Sponge Soft Blender Puff Foudation Sponge-(8Pcs),Fashion,4.6,4.6 out of 5,18,(18 ratings),759
Eye Ash Adhesive Glue,Eye,5,5 out of 5,8,(8 ratings),139
Fashion Portable Eyelash Curlers Long Lasting Suit All Eye Shapes,Fashion,4.6,4.6 out of 5,18,(18 ratings),299
Fashion 12Pcs Makeup Brushes With Portable Bag+A Nail Clipper Kit,Fashion,4.5,4.5 out of 5,2,(2 ratings),737
Generic Mixed 5 Pairs False Eyelashes Synthetic Fiber Material,Generic,4.3,4.3 out of 5,28,(28 ratings),329
Fashion 12Pcs Makeup Brushes Get 1 Free Poratable Organize Bag-Pink,Fashion,4.6,4.6 out of 5,17,(17 ratings),759
Fashion Makeup Brushes Foundation Brushes With Organizer Bag-24Pcs,Fashion,4.4,4.4 out of 5,14,(14 ratings),999
Fashion 3 Pcs Makeup Sponges Powder Puff +1 Free Hoder,Fashion,4.7,4.7 out of 5,36,(36 ratings),349
Generic Set Of 14 PCS Makeup Brush Kit For Foundation Liquid Cream,Generic,5,5 out of 5,5,(5 ratings),930
Kiss Beauty Green Tea Make Up Fix setting spray-220ml,Kiss Beauty,4.6,4.6 out of 5,29,(29 ratings),395
Generic 10pcs Makeup Brushes Set For Foundation Powder Blush,Generic,4.2,4.2 out of 5,10,(10 ratings),690
Fashion Professional Eye Brush Makeup Brush Eyeshadow Brush-1Pcs,Fashion,4.1,4.1 out of 5,10,(10 ratings),99
Generic Make Up Brushes 7 Pcs / Make Up Brush Set,Generic,3.7,3.7 out of 5,48,(48 ratings),350
Huddah Cosmetics Make Up Remover Wipes - 30 Wipes,Huddah Cosmetics,4.3,4.3 out of 5,32,(32 ratings),190
Generic C-osmetic Bag Women Leather Travel Make Up Bag(Only A Bag),Generic,5,5 out of 5,1,(1 rating),790
"Fashion Large Mineral Powder Brush,Powder Brush And Blush Brush",Fashion,4.5,4.5 out of 5,24,(24 ratings),330
Fashion Beauty Blender Sponge -Purpel,Fashion,5,5 out of 5,3,(3 ratings),180
Fashion Generic 2 SIDED EYEBLOW BRUSH,Fashion,4,4 out of 5,3,(3 ratings),162
Kiss Beauty Aloe Vera Makeup Fix spray setting   220ml bottle,Kiss Beauty,4.4,4.4 out of 5,14,(14 ratings),445
Fashion Eye Brow Tweezers-Tweezers/Nose Hair Remover/Brow Shaper,Fashion,4.7,4.7 out of 5,26,(26 ratings),135
Hanan Cotton Buds 200pieces,Hanan,4.7,4.7 out of 5,22,(22 ratings),108
Generic Pro 20Pcs Superior Cosmetic Brushes Set Kit Makeup Tool Brushes purple & gold,Generic,4.1,4.1 out of 5,31,(31 ratings),645
Lux Premiums Facial Cotton Pads -Makeup Remover - 50 Counts,Lux Premiums,4.6,4.6 out of 5,7,(7 ratings),553
Generic 10 Pcs Luxury  Makeup Brushes Set - Exquisite Makeup,Generic,4.3,4.3 out of 5,7,(7 ratings),740
Fashion 12Pcs Makeup Brushes Set With Free Organizer Bag,Fashion,5,5 out of 5,4,(4 ratings),713
Fashion Nail cleaning brush,Fashion,4.7,4.7 out of 5,7,(7 ratings),160
Generic Foundation Beauty Blender,Generic,4.3,4.3 out of 5,3,(3 ratings),145
Fashion 10 Pcs Makeup Brushes Set & Free Beauty Storage Box,Fashion,4.3,4.3 out of 5,51,(51 ratings),879
YSDO 3D MINK EYELASHES,YSDO,4.7,4.7 out of 5,3,(3 ratings),600
Generic Stainless Steel 4pcs Eyelash Curler And Tweezers Set,Generic,5,5 out of 5,2,(2 ratings),1100
Fashion 9pcs Storage Bag Cosmetic Bag Bathroom Organizer Travel Bags,Fashion,4.8,4.8 out of 5,4,(4 ratings),778
Fashion Makeup Sponge Beauty Blender Foundation Sponge-Pink-1pcs,Fashion,4.5,4.5 out of 5,23,(23 ratings),169
Generic Large Capacity Drawstring Makeup Storage Cosmetic Bag-Black,Generic,4.6,4.6 out of 5,5,(5 ratings),509
Generic C-osmetic Bag Travel Makeup Bag Organizer Waterproof White,Generic,4,4 out of 5,1,(1 rating),688
Fashion 12Pcs Makeup Brushes Set+1 Free Pink Makeup Sponge,Fashion,4.3,4.3 out of 5,14,(14 ratings),799
Eye Ash Adhesive Glue,Eye,4.3,4.3 out of 5,6,(6 ratings),237
Generic 32 Piece Make Up Brush Set With Leather Case - Black,Generic,5,5 out of 5,2,(2 ratings),999
Generic Beauty Kit Fnger Care Nail Clippers Cleaner Cuticle.,Generic,5,5 out of 5,1,(1 rating),855
Tinkle Eyebrow Shaper Facial Hairs Razor - 3 Pieces,Tinkle,4.3,4.3 out of 5,3,(3 ratings),215
Generic Classic Cosmetic 3 compartment organizer,Generic,5,5 out of 5,3,(3 ratings),990
Generic 5In1 Multifunctional Deep Cleansing Electric Facial Brush.,Generic,4.7,4.7 out of 5,3,(3 ratings),900
Generic Women Waterproof Wash Makeup Storage Bag Travel Bag-Blue,Generic,2.5,2.5 out of 5,2,(2 ratings),566
Generic 12Pcs  Makeup Brushes-Small And Suitable For Delicate Makeup,Generic,5,5 out of 5,2,(2 ratings),690
Nova New Rechargeable Hair Shaver And Beard Trimmer - Colour Vary As Per Availability,Nova,4.1,4.1 out of 5,126,(126 ratings),664
Kiss Beauty Green Tea Make Up Fix setting spray-220ml...,Kiss Beauty,4,4 out of 5,10,(10 ratings),439
Fashion Shaving Brush- Beard Cleaning Brush/ Facial Cleaning Brush,Fashion,4.3,4.3 out of 5,7,(7 ratings),415
Fashion Shaving Brush- Beard Cleaning Brush/ Facial Cleaning Brush.,Fashion,4.2,4.2 out of 5,5,(5 ratings),450
Eye Ash Adhesive Glue,Eye,4.4,4.4 out of 5,5,(5 ratings),162
Generic Large Capacity Drawstring Makeup Storage Cosmetic Bag-Pink,Generic,4.3,4.3 out of 5,3,(3 ratings),509
Kiss Beauty Aloe Vera Makeup Fix spray setting   220ml bottle,Kiss Beauty,4.8,4.8 out of 5,9,(9 ratings),444
Makeup Setting Spray Snail Gel 99% Make Up Fix - 220ml,Makeup,4.5,4.5 out of 5,2,(2 ratings),500
Fashion Beard Mustache Brush Male Body Brush Shoes Brush Skin Care,Fashion,5,5 out of 5,2,(2 ratings),650
"Generic 20 in 1 Diamond Handle Eye Brush Multi-functional Makeup Brush, Gold Handle and Pink Brush",Generic,5,5 out of 5,2,(2 ratings),887
Fashion 12Pcs Makeup Brushes Foundation Burshes With Organizer Bag,Fashion,4,4 out of 5,10,(10 ratings),799
Generic Bottle Gourd Flawless Smooth Powder Sponge Puff - Rose,Generic,4,4 out of 5,5,(5 ratings),339
Generic Makeup Foundation Sponge Blender Blending Flawless Puff Powder Smooth Beauty Apricot,Generic,5,5 out of 5,2,(2 ratings),929
Fashion Eye Brow Tweezers Eyebrow Tweezers Hair Removal With Grip,Fashion,4.7,4.7 out of 5,3,(3 ratings),153
Generic 12 Pcs/set Makeup Brushes Set With OPP  Bag,Generic,4.5,4.5 out of 5,2,(2 ratings),660
Fashion Crochet Hook Dreadlock Interlocking Lock Hair Micro Braid Needle Tool DIY,Fashion,4,4 out of 5,4,(4 ratings),220
"Kiss Beauty Green Tea Make Up Fix setting spray-220ml,.",Kiss Beauty,4,4 out of 5,7,(7 ratings),450
Generic 1Pcs Silicone Makeup Brush Facial Mask Foundation Brush,Generic,4.8,4.8 out of 5,5,(5 ratings),892
Generic 2 In 1 Double Sided Control Hair Brush Comb,Generic,4.4,4.4 out of 5,20,(20 ratings),847
Generic SHIDISHANGPIN 3 Pairs Mink Eyelashes 3D False Lashes Mix Style Thick Makeup Eyelash Extension Natural Volume Soft Fake Eye Lashes,Generic,4.8,4.8 out of 5,5,(5 ratings),1019
Generic Fashion Magnetic Lashes Reusable 3D False Eyelashes Tweezers Set Eyelashes No Glue Needed Cosmetics Eye Decoration Magnet Eyelashes,Generic,4.3,4.3 out of 5,11,(11 ratings),990
Zaron Foundation Brush,Zaron,4.5,4.5 out of 5,2,(2 ratings),1750
Generic Silicone Makeup Brush Cleaner Pad Washing Scrubber Board Cleaning Mat Hand Tool,Generic,5,5 out of 5,3,(3 ratings),495
Fashion 20Pcs Makeup Brushes,Fashion,4,4 out of 5,5,(5 ratings),1099
Generic SHIDISHANGPIN 3 Pairs 3D Mink Eyelashes Handmade Natural Cross Long Fake Eye Lashes Extension Wispy False Lashes,Generic,4.7,4.7 out of 5,3,(3 ratings),1017
Generic 1Pcs Silicone Makeup Brush Facial Mask Foundation Brush Cosmetic Brush Make Up Tool Optional Color,Generic,5,5 out of 5,2,(2 ratings),246
Generic Mini Metal Adjustable Creative Tool Wrench Spanner Key Chain Ring Keyring Silver,Generic,5,5 out of 5,2,(2 ratings),942
Tippys Round Make Up Cotton Pads 120's,Tippys,5,5 out of 5,2,(2 ratings),1160
Generic Makeup Sponge Beauty Blender Foundation Sponge (3Pcs),Generic,4,4 out of 5,1,(1 rating),225
Fashion 3 Reusable Eyebrow Shaping Stencils Template,Fashion,3.7,3.7 out of 5,12,(12 ratings),108
Generic 1 Side Or Single Sided Wooden Beard & Hair Combing Brush,Generic,3.2,3.2 out of 5,5,(5 ratings),599
Fashion  3pcs Eyebrow Shaping Stencils Thrush Card Tool Card Template,Fashion,3.3,3.3 out of 5,7,(7 ratings),162
Generic 24 Pieces Professional Bamboo Makeup Brush Set,Generic,5,5 out of 5,1,(1 rating),1250
"Fashion 5 In One Multifunctional Deep Cleansing Electric Facial Cleansing Device,Pale Violet Red",Fashion,3.5,3.5 out of 5,14,(14 ratings),889
Generic 20pcs Eyeshadow Shields Under Eye Patches Eyelash Extensions Protect Pad White,Generic,4.3,4.3 out of 5,3,(3 ratings),1174
Generic 1Pc False Eyelashes Glue Dryer Eyelash Extension Air Blower Dust Blowing Balloons Drying Tool,Generic,4.5,4.5 out of 5,2,(2 ratings),906
Generic 360°Rotating Spin Cosmetic Organizer Makeup Desktop Box Storage Rack Case Holder White,Generic,4.7,4.7 out of 5,3,(3 ratings),1589
Generic 6ml Refillable Perfume Scent Spray Bottle Parfum Dispenser Empty Bottle bright silver,Generic,5,5 out of 5,2,(2 ratings),1793
Technic Eyelash Curler,Technic,4.4,4.4 out of 5,5,(5 ratings),450
Fashion 10Pcs Professional Makeup Brushe Set With Storage Bag,Fashion,3.8,3.8 out of 5,20,(20 ratings),699
Generic 10pcs Makeup Brushes Set For Foundation Powder Blush,Generic,3.9,3.9 out of 5,8,(8 ratings),940
Makeup Setting Spray Snail Gel 99% Make Up Fix - 200ml,Makeup,4.3,4.3 out of 5,43,(43 ratings),400
Fashion 3 PCS Colorful Eyebrow Trimmer.,Fashion,3.5,3.5 out of 5,2,(2 ratings),162
Nano Portable Face Mist Sprayer Deep Penetrating & Moisturizing,Nano,3.7,3.7 out of 5,3,(3 ratings),849
Fashion Makeup Blender Sponge -Yellow,Fashion,4,4 out of 5,1,(1 rating),180
Kiini African Black Soap,Kiini,4.5,4.5 out of 5,2,(2 ratings),350
Generic Foundation Beauty Blender,Generic,5,5 out of 5,1,(1 rating),145
Generic 5 In 1 Electric Facial Cleansing Brush,Generic,1,1 out of 5,1,(1 rating),749
Fashion 32pcs Makeup Brushes Set Make Up Brush With PU Bag - Pink,Fashion,5,5 out of 5,1,(1 rating),1258
Professional 2 In 1 Angled Eyebrow Brush With A Spoolie Makeup Brush,Professional,5,5 out of 5,1,(1 rating),333
Generic Touch Up Gravity Feed   Gun Sprayer Air Brush Airbrush,Generic,5,5 out of 5,1,(1 rating),1294
Fashion Cosmetic Organizer Adjustable Cosmetic Storage Holder -Pink,Fashion,4.4,4.4 out of 5,5,(5 ratings),1199
Generic Makeup Brush Holder & Drying Rack,Generic,5,5 out of 5,1,(1 rating),1000
Generic Upgraded Magnetic Eyeliner And Magnetic Eyelashes Kit,Generic,5,5 out of 5,1,(1 rating),1974
Generic 5pcs Makeup Brushes Foundation Powder  Brush Make Up Tool,Generic,3.4,3.4 out of 5,27,(27 ratings),938
Tinkle Eyebrow Shaper Facial Hairs (Razor) - 3 Pieces,Tinkle,3,3 out of 5,1,(1 rating),223
Fashion Salon & Barber Multipurpose Spray Bottle - Clear,Fashion,5,5 out of 5,8,(8 ratings),290
Fashion 12Pcs Makeup Brushes Foundation Burshes With Organizer Bag,Fashion,3.8,3.8 out of 5,5,(5 ratings),713
Tinkle Eyebrow Shaper Facial Hairs Razor - 3 Pieces,Tinkle,4.2,4.2 out of 5,10,(10 ratings),285
NIVEA Micellar Water  All  Skin Types - 100ml,NIVEA,4.5,4.5 out of 5,4,(4 ratings),298
Kabuki Foundation Brush,Kabuki,4,4 out of 5,1,(1 rating),432
Fashion Mini Portable Eyelash Curler -White,Fashion,2,2 out of 5,1,(1 rating),215
Fashion 32pcs Makeup Brushes Set Make Up Brush With PU Bag - Brown,Fashion,5,5 out of 5,1,(1 rating),1257
Generic 10Pcs Makeup Brushes Set With Portable Organizer Bag,Generic,3.9,3.9 out of 5,37,(37 ratings),642
Fashion Cosmetic Bag Cosmetic Holder Lipstick Storage,Fashion,4.8,4.8 out of 5,4,(4 ratings),699
Generic Make Up Brush  Pcs With Metal Box-NAKED 3,Generic,3,3 out of 5,1,(1 rating),587
Generic Makeup bag  Women Bags Men Large Waterproof Nylon Travel Cosmetic Bag Organizer Case Necessaries Make Up Wash Toiletry Bag(Rose),Generic,5,5 out of 5,1,(1 rating),1754
Generic 22*18*8cm Waterproof Travel Cosmetic Bags,Generic,4,4 out of 5,1,(1 rating),720
Fashion Synthetic Hairdressing Training Head Dummy Mannequin Hair,Fashion,4,4 out of 5,5,(5 ratings),2199
Generic Waterproof Zipper Coin Purse And Cute Sanitary Pad Organizer,Generic,5,5 out of 5,1,(1 rating),509
